question,answer
What is diabetes?,"diabetes is a medical condition that affects the body, often requiring long-term management and treatment."
What causes hypertension?,"hypertension may be caused by genetic factors, lifestyle habits, infections, or other health conditions."
What are the symptoms of COVID-19?,"Common symptoms of COVID-19 include chest pain, fatigue, and difficulty breathing."
What is cancer?,"cancer is a medical condition that affects the body, often requiring long-term management and treatment."
How is stroke treated?,"Treatment for stroke typically includes insulin therapy, lifestyle changes, and regular medical monitoring."
How is COVID-19 diagnosed?,"COVID-19 is diagnosed through medical history evaluation, physical exams, imaging studies, and laboratory tests."
How is cancer diagnosed?,"cancer is diagnosed through medical history evaluation, physical exams, imaging studies, and laboratory tests."
What causes diabetes?,"diabetes may be caused by genetic factors, lifestyle habits, infections, or other health conditions."
How is heart disease diagnosed?,"heart disease is diagnosed through medical history evaluation, physical exams, imaging studies, and laboratory tests."
What are the symptoms of asthma?,"Common symptoms of asthma include fever, fatigue, and difficulty breathing."
How is pneumonia treated?,"Treatment for pneumonia typically includes antibiotics, lifestyle changes, and regular medical monitoring."
What is cancer?,"cancer is a medical condition that affects the body, often requiring long-term management and treatment."
What causes hypertension?,"hypertension may be caused by genetic factors, lifestyle habits, infections, or other health conditions."
What is heart disease?,"heart disease is a medical condition that affects the body, often requiring long-term management and treatment."
What causes asthma?,"asthma may be caused by genetic factors, lifestyle habits, infections, or other health conditions."
What causes stroke?,"stroke may be caused by genetic factors, lifestyle habits, infections, or other health conditions."
What is cancer?,"cancer is a medical condition that affects the body, often requiring long-term management and treatment."
What is asthma?,"asthma is a medical condition that affects the body, often requiring long-term management and treatment."
How is flu treated?,"Treatment for flu typically includes radiation therapy, lifestyle changes, and regular medical monitoring."
What is COVID-19?,"COVID-19 is a medical condition that affects the body, often requiring long-term management and treatment."
How is heart disease treated?,"Treatment for heart disease typically includes lifestyle changes, lifestyle changes, and regular medical monitoring."
What is stroke?,"stroke is a medical condition that affects the body, often requiring long-term management and treatment."
What causes asthma?,"asthma may be caused by genetic factors, lifestyle habits, infections, or other health conditions."
What are the symptoms of flu?,"Common symptoms of flu include shortness of breath, fatigue, and difficulty breathing."
What causes arthritis?,"arthritis may be caused by genetic factors, lifestyle habits, infections, or other health conditions."
What are the symptoms of asthma?,"Common symptoms of asthma include cough, fatigue, and difficulty breathing."
How is heart disease treated?,"Treatment for heart disease typically includes surgery, lifestyle changes, and regular medical monitoring."
What causes flu?,"flu may be caused by genetic factors, lifestyle habits, infections, or other health conditions."
How is pneumonia treated?,"Treatment for pneumonia typically includes medication, lifestyle changes, and regular medical monitoring."
What is hypertension?,"hypertension is a medical condition that affects the body, often requiring long-term management and treatment."
How is stroke diagnosed?,"stroke is diagnosed through medical history evaluation, physical exams, imaging studies, and laboratory tests."
What are the symptoms of cancer?,"Common symptoms of cancer include dizziness, fatigue, and difficulty breathing."
What is cancer?,"cancer is a medical condition that affects the body, often requiring long-term management and treatment."
What causes stroke?,"stroke may be caused by genetic factors, lifestyle habits, infections, or other health conditions."
How is stroke treated?,"Treatment for stroke typically includes insulin therapy, lifestyle changes, and regular medical monitoring."
What causes arthritis?,"arthritis may be caused by genetic factors, lifestyle habits, infections, or other health conditions."
What causes arthritis?,"arthritis may be caused by genetic factors, lifestyle habits, infections, or other health conditions."
How is diabetes diagnosed?,"diabetes is diagnosed through medical history evaluation, physical exams, imaging studies, and laboratory tests."
How is diabetes treated?,"Treatment for diabetes typically includes oxygen therapy, lifestyle changes, and regular medical monitoring."
How is hypertension diagnosed?,"hypertension is diagnosed through medical history evaluation, physical exams, imaging studies, and laboratory tests."
How is arthritis diagnosed?,"arthritis is diagnosed through medical history evaluation, physical exams, imaging studies, and laboratory tests."
What is stroke?,"stroke is a medical condition that affects the body, often requiring long-term management and treatment."
How is COVID-19 diagnosed?,"COVID-19 is diagnosed through medical history evaluation, physical exams, imaging studies, and laboratory tests."
How is asthma treated?,"Treatment for asthma typically includes physical therapy, lifestyle changes, and regular medical monitoring."
How is diabetes treated?,"Treatment for diabetes typically includes radiation therapy, lifestyle changes, and regular medical monitoring."
How is COVID-19 diagnosed?,"COVID-19 is diagnosed through medical history evaluation, physical exams, imaging studies, and laboratory tests."
What causes heart disease?,"heart disease may be caused by genetic factors, lifestyle habits, infections, or other health conditions."
What is hypertension?,"hypertension is a medical condition that affects the body, often requiring long-term management and treatment."
What causes flu?,"flu may be caused by genetic factors, lifestyle habits, infections, or other health conditions."
What causes diabetes?,"diabetes may be caused by genetic factors, lifestyle habits, infections, or other health conditions."
How is cancer treated?,"Treatment for cancer typically includes insulin therapy, lifestyle changes, and regular medical monitoring."
What are the symptoms of stroke?,"Common symptoms of stroke include vomiting, fatigue, and difficulty breathing."
How is cancer diagnosed?,"cancer is diagnosed through medical history evaluation, physical exams, imaging studies, and laboratory tests."
What are the symptoms of cancer?,"Common symptoms of cancer include vomiting, fatigue, and difficulty breathing."
How is asthma treated?,"Treatment for asthma typically includes vaccination, lifestyle changes, and regular medical monitoring."
What causes arthritis?,"arthritis may be caused by genetic factors, lifestyle habits, infections, or other health conditions."
How is COVID-19 diagnosed?,"COVID-19 is diagnosed through medical history evaluation, physical exams, imaging studies, and laboratory tests."
What is asthma?,"asthma is a medical condition that affects the body, often requiring long-term management and treatment."
How is arthritis treated?,"Treatment for arthritis typically includes antibiotics, lifestyle changes, and regular medical monitoring."
What causes hypertension?,"hypertension may be caused by genetic factors, lifestyle habits, infections, or other health conditions."
How is flu diagnosed?,"flu is diagnosed through medical history evaluation, physical exams, imaging studies, and laboratory tests."
What is flu?,"flu is a medical condition that affects the body, often requiring long-term management and treatment."
What is heart disease?,"heart disease is a medical condition that affects the body, often requiring long-term management and treatment."
What is flu?,"flu is a medical condition that affects the body, often requiring long-term management and treatment."
How is heart disease diagnosed?,"heart disease is diagnosed through medical history evaluation, physical exams, imaging studies, and laboratory tests."
What are the symptoms of diabetes?,"Common symptoms of diabetes include fever, fatigue, and difficulty breathing."
What is diabetes?,"diabetes is a medical condition that affects the body, often requiring long-term management and treatment."
How is diabetes treated?,"Treatment for diabetes typically includes chemotherapy, lifestyle changes, and regular medical monitoring."
How is COVID-19 treated?,"Treatment for COVID-19 typically includes antibiotics, lifestyle changes, and regular medical monitoring."
How is pneumonia treated?,"Treatment for pneumonia typically includes physical therapy, lifestyle changes, and regular medical monitoring."
How is flu treated?,"Treatment for flu typically includes vaccination, lifestyle changes, and regular medical monitoring."
How is flu diagnosed?,"flu is diagnosed through medical history evaluation, physical exams, imaging studies, and laboratory tests."
How is COVID-19 treated?,"Treatment for COVID-19 typically includes insulin therapy, lifestyle changes, and regular medical monitoring."
What is hypertension?,"hypertension is a medical condition that affects the body, often requiring long-term management and treatment."
What is flu?,"flu is a medical condition that affects the body, often requiring long-term management and treatment."
How is arthritis diagnosed?,"arthritis is diagnosed through medical history evaluation, physical exams, imaging studies, and laboratory tests."
What are the symptoms of stroke?,"Common symptoms of stroke include rash, fatigue, and difficulty breathing."
What is arthritis?,"arthritis is a medical condition that affects the body, often requiring long-term management and treatment."
What causes stroke?,"stroke may be caused by genetic factors, lifestyle habits, infections, or other health conditions."
What is heart disease?,"heart disease is a medical condition that affects the body, often requiring long-term management and treatment."
What is COVID-19?,"COVID-19 is a medical condition that affects the body, often requiring long-term management and treatment."
How is asthma diagnosed?,"asthma is diagnosed through medical history evaluation, physical exams, imaging studies, and laboratory tests."
How is hypertension diagnosed?,"hypertension is diagnosed through medical history evaluation, physical exams, imaging studies, and laboratory tests."
What is stroke?,"stroke is a medical condition that affects the body, often requiring long-term management and treatment."
What causes hypertension?,"hypertension may be caused by genetic factors, lifestyle habits, infections, or other health conditions."
What are the symptoms of asthma?,"Common symptoms of asthma include dizziness, fatigue, and difficulty breathing."
What causes flu?,"flu may be caused by genetic factors, lifestyle habits, infections, or other health conditions."
How is asthma treated?,"Treatment for asthma typically includes chemotherapy, lifestyle changes, and regular medical monitoring."
How is COVID-19 diagnosed?,"COVID-19 is diagnosed through medical history evaluation, physical exams, imaging studies, and laboratory tests."
What is stroke?,"stroke is a medical condition that affects the body, often requiring long-term management and treatment."
What causes diabetes?,"diabetes may be caused by genetic factors, lifestyle habits, infections, or other health conditions."
What is hypertension?,"hypertension is a medical condition that affects the body, often requiring long-term management and treatment."
How is flu diagnosed?,"flu is diagnosed through medical history evaluation, physical exams, imaging studies, and laboratory tests."
How is COVID-19 diagnosed?,"COVID-19 is diagnosed through medical history evaluation, physical exams, imaging studies, and laboratory tests."
How is flu treated?,"Treatment for flu typically includes surgery, lifestyle changes, and regular medical monitoring."
What causes heart disease?,"heart disease may be caused by genetic factors, lifestyle habits, infections, or other health conditions."
How is pneumonia treated?,"Treatment for pneumonia typically includes surgery, lifestyle changes, and regular medical monitoring."
How is asthma treated?,"Treatment for asthma typically includes medication, lifestyle changes, and regular medical monitoring."
How is cancer treated?,"Treatment for cancer typically includes vaccination, lifestyle changes, and regular medical monitoring."
What causes pneumonia?,"pneumonia may be caused by genetic factors, lifestyle habits, infections, or other health conditions."
What is hypertension?,"hypertension is a medical condition that affects the body, often requiring long-term management and treatment."
What causes pneumonia?,"pneumonia may be caused by genetic factors, lifestyle habits, infections, or other health conditions."
What causes arthritis?,"arthritis may be caused by genetic factors, lifestyle habits, infections, or other health conditions."
What are the symptoms of COVID-19?,"Common symptoms of COVID-19 include nausea, fatigue, and difficulty breathing."
What is arthritis?,"arthritis is a medical condition that affects the body, often requiring long-term management and treatment."
How is pneumonia diagnosed?,"pneumonia is diagnosed through medical history evaluation, physical exams, imaging studies, and laboratory tests."
What causes pneumonia?,"pneumonia may be caused by genetic factors, lifestyle habits, infections, or other health conditions."
What is asthma?,"asthma is a medical condition that affects the body, often requiring long-term management and treatment."
What causes pneumonia?,"pneumonia may be caused by genetic factors, lifestyle habits, infections, or other health conditions."
What is cancer?,"cancer is a medical condition that affects the body, often requiring long-term management and treatment."
What is arthritis?,"arthritis is a medical condition that affects the body, often requiring long-term management and treatment."
How is pneumonia diagnosed?,"pneumonia is diagnosed through medical history evaluation, physical exams, imaging studies, and laboratory tests."
What causes COVID-19?,"COVID-19 may be caused by genetic factors, lifestyle habits, infections, or other health conditions."
How is hypertension treated?,"Treatment for hypertension typically includes chemotherapy, lifestyle changes, and regular medical monitoring."
How is heart disease diagnosed?,"heart disease is diagnosed through medical history evaluation, physical exams, imaging studies, and laboratory tests."
How is asthma diagnosed?,"asthma is diagnosed through medical history evaluation, physical exams, imaging studies, and laboratory tests."
What are the symptoms of flu?,"Common symptoms of flu include chest pain, fatigue, and difficulty breathing."
How is arthritis treated?,"Treatment for arthritis typically includes chemotherapy, lifestyle changes, and regular medical monitoring."
What is pneumonia?,"pneumonia is a medical condition that affects the body, often requiring long-term management and treatment."
How is heart disease treated?,"Treatment for heart disease typically includes antibiotics, lifestyle changes, and regular medical monitoring."
What causes cancer?,"cancer may be caused by genetic factors, lifestyle habits, infections, or other health conditions."
What are the symptoms of heart disease?,"Common symptoms of heart disease include fatigue, fatigue, and difficulty breathing."
What causes arthritis?,"arthritis may be caused by genetic factors, lifestyle habits, infections, or other health conditions."
What causes pneumonia?,"pneumonia may be caused by genetic factors, lifestyle habits, infections, or other health conditions."
What causes COVID-19?,"COVID-19 may be caused by genetic factors, lifestyle habits, infections, or other health conditions."
How is arthritis treated?,"Treatment for arthritis typically includes medication, lifestyle changes, and regular medical monitoring."
How is arthritis treated?,"Treatment for arthritis typically includes oxygen therapy, lifestyle changes, and regular medical monitoring."
How is diabetes treated?,"Treatment for diabetes typically includes vaccination, lifestyle changes, and regular medical monitoring."
What causes arthritis?,"arthritis may be caused by genetic factors, lifestyle habits, infections, or other health conditions."
What are the symptoms of hypertension?,"Common symptoms of hypertension include fever, fatigue, and difficulty breathing."
What causes diabetes?,"diabetes may be caused by genetic factors, lifestyle habits, infections, or other health conditions."
How is diabetes diagnosed?,"diabetes is diagnosed through medical history evaluation, physical exams, imaging studies, and laboratory tests."
How is pneumonia treated?,"Treatment for pneumonia typically includes antibiotics, lifestyle changes, and regular medical monitoring."
How is COVID-19 treated?,"Treatment for COVID-19 typically includes medication, lifestyle changes, and regular medical monitoring."
How is hypertension treated?,"Treatment for hypertension typically includes physical therapy, lifestyle changes, and regular medical monitoring."
What is heart disease?,"heart disease is a medical condition that affects the body, often requiring long-term management and treatment."
What are the symptoms of hypertension?,"Common symptoms of hypertension include fatigue, fatigue, and difficulty breathing."
What are the symptoms of flu?,"Common symptoms of flu include fever, fatigue, and difficulty breathing."
How is hypertension diagnosed?,"hypertension is diagnosed through medical history evaluation, physical exams, imaging studies, and laboratory tests."
What are the symptoms of asthma?,"Common symptoms of asthma include headache, fatigue, and difficulty breathing."
How is COVID-19 treated?,"Treatment for COVID-19 typically includes surgery, lifestyle changes, and regular medical monitoring."
What is arthritis?,"arthritis is a medical condition that affects the body, often requiring long-term management and treatment."
What are the symptoms of hypertension?,"Common symptoms of hypertension include chest pain, fatigue, and difficulty breathing."
How is hypertension treated?,"Treatment for hypertension typically includes medication, lifestyle changes, and regular medical monitoring."
How is heart disease treated?,"Treatment for heart disease typically includes medication, lifestyle changes, and regular medical monitoring."
What causes stroke?,"stroke may be caused by genetic factors, lifestyle habits, infections, or other health conditions."
How is stroke diagnosed?,"stroke is diagnosed through medical history evaluation, physical exams, imaging studies, and laboratory tests."
What causes diabetes?,"diabetes may be caused by genetic factors, lifestyle habits, infections, or other health conditions."
How is cancer treated?,"Treatment for cancer typically includes insulin therapy, lifestyle changes, and regular medical monitoring."
What is heart disease?,"heart disease is a medical condition that affects the body, often requiring long-term management and treatment."
What is cancer?,"cancer is a medical condition that affects the body, often requiring long-term management and treatment."
How is stroke diagnosed?,"stroke is diagnosed through medical history evaluation, physical exams, imaging studies, and laboratory tests."
How is COVID-19 treated?,"Treatment for COVID-19 typically includes vaccination, lifestyle changes, and regular medical monitoring."
How is cancer treated?,"Treatment for cancer typically includes lifestyle changes, lifestyle changes, and regular medical monitoring."
What are the symptoms of cancer?,"Common symptoms of cancer include headache, fatigue, and difficulty breathing."
How is pneumonia diagnosed?,"pneumonia is diagnosed through medical history evaluation, physical exams, imaging studies, and laboratory tests."
How is pneumonia diagnosed?,"pneumonia is diagnosed through medical history evaluation, physical exams, imaging studies, and laboratory tests."
How is stroke treated?,"Treatment for stroke typically includes radiation therapy, lifestyle changes, and regular medical monitoring."
What are the symptoms of hypertension?,"Common symptoms of hypertension include shortness of breath, fatigue, and difficulty breathing."
How is cancer treated?,"Treatment for cancer typically includes insulin therapy, lifestyle changes, and regular medical monitoring."
What causes COVID-19?,"COVID-19 may be caused by genetic factors, lifestyle habits, infections, or other health conditions."
What is cancer?,"cancer is a medical condition that affects the body, often requiring long-term management and treatment."
How is diabetes diagnosed?,"diabetes is diagnosed through medical history evaluation, physical exams, imaging studies, and laboratory tests."
How is asthma diagnosed?,"asthma is diagnosed through medical history evaluation, physical exams, imaging studies, and laboratory tests."
What causes heart disease?,"heart disease may be caused by genetic factors, lifestyle habits, infections, or other health conditions."
What is COVID-19?,"COVID-19 is a medical condition that affects the body, often requiring long-term management and treatment."
How is arthritis diagnosed?,"arthritis is diagnosed through medical history evaluation, physical exams, imaging studies, and laboratory tests."
What is pneumonia?,"pneumonia is a medical condition that affects the body, often requiring long-term management and treatment."
What are the symptoms of stroke?,"Common symptoms of stroke include nausea, fatigue, and difficulty breathing."
What is stroke?,"stroke is a medical condition that affects the body, often requiring long-term management and treatment."
How is arthritis diagnosed?,"arthritis is diagnosed through medical history evaluation, physical exams, imaging studies, and laboratory tests."
What are the symptoms of pneumonia?,"Common symptoms of pneumonia include nausea, fatigue, and difficulty breathing."
How is flu diagnosed?,"flu is diagnosed through medical history evaluation, physical exams, imaging studies, and laboratory tests."
What is diabetes?,"diabetes is a medical condition that affects the body, often requiring long-term management and treatment."
What causes pneumonia?,"pneumonia may be caused by genetic factors, lifestyle habits, infections, or other health conditions."
What is cancer?,"cancer is a medical condition that affects the body, often requiring long-term management and treatment."
What are the symptoms of diabetes?,"Common symptoms of diabetes include chest pain, fatigue, and difficulty breathing."
How is asthma treated?,"Treatment for asthma typically includes radiation therapy, lifestyle changes, and regular medical monitoring."
How is COVID-19 treated?,"Treatment for COVID-19 typically includes insulin therapy, lifestyle changes, and regular medical monitoring."
How is flu diagnosed?,"flu is diagnosed through medical history evaluation, physical exams, imaging studies, and laboratory tests."
What causes COVID-19?,"COVID-19 may be caused by genetic factors, lifestyle habits, infections, or other health conditions."
What is heart disease?,"heart disease is a medical condition that affects the body, often requiring long-term management and treatment."
What is diabetes?,"diabetes is a medical condition that affects the body, often requiring long-term management and treatment."
What causes arthritis?,"arthritis may be caused by genetic factors, lifestyle habits, infections, or other health conditions."
How is COVID-19 diagnosed?,"COVID-19 is diagnosed through medical history evaluation, physical exams, imaging studies, and laboratory tests."
What causes cancer?,"cancer may be caused by genetic factors, lifestyle habits, infections, or other health conditions."
What is hypertension?,"hypertension is a medical condition that affects the body, often requiring long-term management and treatment."
What causes hypertension?,"hypertension may be caused by genetic factors, lifestyle habits, infections, or other health conditions."
What causes hypertension?,"hypertension may be caused by genetic factors, lifestyle habits, infections, or other health conditions."
What is arthritis?,"arthritis is a medical condition that affects the body, often requiring long-term management and treatment."
What are the symptoms of heart disease?,"Common symptoms of heart disease include headache, fatigue, and difficulty breathing."
What is asthma?,"asthma is a medical condition that affects the body, often requiring long-term management and treatment."
What are the symptoms of arthritis?,"Common symptoms of arthritis include cough, fatigue, and difficulty breathing."
How is asthma treated?,"Treatment for asthma typically includes insulin therapy, lifestyle changes, and regular medical monitoring."
What causes arthritis?,"arthritis may be caused by genetic factors, lifestyle habits, infections, or other health conditions."
How is pneumonia diagnosed?,"pneumonia is diagnosed through medical history evaluation, physical exams, imaging studies, and laboratory tests."
What is heart disease?,"heart disease is a medical condition that affects the body, often requiring long-term management and treatment."
What causes hypertension?,"hypertension may be caused by genetic factors, lifestyle habits, infections, or other health conditions."
How is diabetes diagnosed?,"diabetes is diagnosed through medical history evaluation, physical exams, imaging studies, and laboratory tests."
What are the symptoms of COVID-19?,"Common symptoms of COVID-19 include dizziness, fatigue, and difficulty breathing."
How is hypertension diagnosed?,"hypertension is diagnosed through medical history evaluation, physical exams, imaging studies, and laboratory tests."
What are the symptoms of asthma?,"Common symptoms of asthma include nausea, fatigue, and difficulty breathing."
What is stroke?,"stroke is a medical condition that affects the body, often requiring long-term management and treatment."
What is hypertension?,"hypertension is a medical condition that affects the body, often requiring long-term management and treatment."
What are the symptoms of heart disease?,"Common symptoms of heart disease include vomiting, fatigue, and difficulty breathing."
How is hypertension diagnosed?,"hypertension is diagnosed through medical history evaluation, physical exams, imaging studies, and laboratory tests."
How is flu treated?,"Treatment for flu typically includes chemotherapy, lifestyle changes, and regular medical monitoring."
What causes asthma?,"asthma may be caused by genetic factors, lifestyle habits, infections, or other health conditions."
What is hypertension?,"hypertension is a medical condition that affects the body, often requiring long-term management and treatment."
How is arthritis diagnosed?,"arthritis is diagnosed through medical history evaluation, physical exams, imaging studies, and laboratory tests."
What are the symptoms of cancer?,"Common symptoms of cancer include cough, fatigue, and difficulty breathing."
What is asthma?,"asthma is a medical condition that affects the body, often requiring long-term management and treatment."
What is arthritis?,"arthritis is a medical condition that affects the body, often requiring long-term management and treatment."
What causes flu?,"flu may be caused by genetic factors, lifestyle habits, infections, or other health conditions."
How is flu diagnosed?,"flu is diagnosed through medical history evaluation, physical exams, imaging studies, and laboratory tests."
How is COVID-19 treated?,"Treatment for COVID-19 typically includes medication, lifestyle changes, and regular medical monitoring."
What is hypertension?,"hypertension is a medical condition that affects the body, often requiring long-term management and treatment."
What is stroke?,"stroke is a medical condition that affects the body, often requiring long-term management and treatment."
What is hypertension?,"hypertension is a medical condition that affects the body, often requiring long-term management and treatment."
How is cancer treated?,"Treatment for cancer typically includes surgery, lifestyle changes, and regular medical monitoring."
How is COVID-19 treated?,"Treatment for COVID-19 typically includes vaccination, lifestyle changes, and regular medical monitoring."
How is diabetes diagnosed?,"diabetes is diagnosed through medical history evaluation, physical exams, imaging studies, and laboratory tests."
What causes hypertension?,"hypertension may be caused by genetic factors, lifestyle habits, infections, or other health conditions."
What are the symptoms of hypertension?,"Common symptoms of hypertension include fever, fatigue, and difficulty breathing."
What are the symptoms of heart disease?,"Common symptoms of heart disease include rash, fatigue, and difficulty breathing."
How is flu diagnosed?,"flu is diagnosed through medical history evaluation, physical exams, imaging studies, and laboratory tests."
How is diabetes treated?,"Treatment for diabetes typically includes vaccination, lifestyle changes, and regular medical monitoring."
What causes heart disease?,"heart disease may be caused by genetic factors, lifestyle habits, infections, or other health conditions."
What are the symptoms of pneumonia?,"Common symptoms of pneumonia include rash, fatigue, and difficulty breathing."
How is diabetes diagnosed?,"diabetes is diagnosed through medical history evaluation, physical exams, imaging studies, and laboratory tests."
How is pneumonia diagnosed?,"pneumonia is diagnosed through medical history evaluation, physical exams, imaging studies, and laboratory tests."
What causes cancer?,"cancer may be caused by genetic factors, lifestyle habits, infections, or other health conditions."
What are the symptoms of diabetes?,"Common symptoms of diabetes include nausea, fatigue, and difficulty breathing."
How is arthritis diagnosed?,"arthritis is diagnosed through medical history evaluation, physical exams, imaging studies, and laboratory tests."
What causes arthritis?,"arthritis may be caused by genetic factors, lifestyle habits, infections, or other health conditions."
What causes heart disease?,"heart disease may be caused by genetic factors, lifestyle habits, infections, or other health conditions."
What causes COVID-19?,"COVID-19 may be caused by genetic factors, lifestyle habits, infections, or other health conditions."
How is hypertension treated?,"Treatment for hypertension typically includes insulin therapy, lifestyle changes, and regular medical monitoring."
What causes flu?,"flu may be caused by genetic factors, lifestyle habits, infections, or other health conditions."
What is asthma?,"asthma is a medical condition that affects the body, often requiring long-term management and treatment."
What are the symptoms of diabetes?,"Common symptoms of diabetes include fatigue, fatigue, and difficulty breathing."
What are the symptoms of pneumonia?,"Common symptoms of pneumonia include headache, fatigue, and difficulty breathing."
What causes stroke?,"stroke may be caused by genetic factors, lifestyle habits, infections, or other health conditions."
What causes heart disease?,"heart disease may be caused by genetic factors, lifestyle habits, infections, or other health conditions."
How is cancer treated?,"Treatment for cancer typically includes surgery, lifestyle changes, and regular medical monitoring."
What are the symptoms of stroke?,"Common symptoms of stroke include rash, fatigue, and difficulty breathing."
What causes COVID-19?,"COVID-19 may be caused by genetic factors, lifestyle habits, infections, or other health conditions."
How is diabetes diagnosed?,"diabetes is diagnosed through medical history evaluation, physical exams, imaging studies, and laboratory tests."
How is cancer diagnosed?,"cancer is diagnosed through medical history evaluation, physical exams, imaging studies, and laboratory tests."
How is pneumonia diagnosed?,"pneumonia is diagnosed through medical history evaluation, physical exams, imaging studies, and laboratory tests."
What causes hypertension?,"hypertension may be caused by genetic factors, lifestyle habits, infections, or other health conditions."
What is flu?,"flu is a medical condition that affects the body, often requiring long-term management and treatment."
What is COVID-19?,"COVID-19 is a medical condition that affects the body, often requiring long-term management and treatment."
What is heart disease?,"heart disease is a medical condition that affects the body, often requiring long-term management and treatment."
What are the symptoms of heart disease?,"Common symptoms of heart disease include fever, fatigue, and difficulty breathing."
What is heart disease?,"heart disease is a medical condition that affects the body, often requiring long-term management and treatment."
What is diabetes?,"diabetes is a medical condition that affects the body, often requiring long-term management and treatment."
What causes cancer?,"cancer may be caused by genetic factors, lifestyle habits, infections, or other health conditions."
What are the symptoms of flu?,"Common symptoms of flu include headache, fatigue, and difficulty breathing."
How is hypertension treated?,"Treatment for hypertension typically includes physical therapy, lifestyle changes, and regular medical monitoring."
How is COVID-19 diagnosed?,"COVID-19 is diagnosed through medical history evaluation, physical exams, imaging studies, and laboratory tests."
What are the symptoms of COVID-19?,"Common symptoms of COVID-19 include rash, fatigue, and difficulty breathing."
What are the symptoms of COVID-19?,"Common symptoms of COVID-19 include shortness of breath, fatigue, and difficulty breathing."
How is cancer diagnosed?,"cancer is diagnosed through medical history evaluation, physical exams, imaging studies, and laboratory tests."
What are the symptoms of diabetes?,"Common symptoms of diabetes include nausea, fatigue, and difficulty breathing."
What is diabetes?,"diabetes is a medical condition that affects the body, often requiring long-term management and treatment."
What causes heart disease?,"heart disease may be caused by genetic factors, lifestyle habits, infections, or other health conditions."
What are the symptoms of cancer?,"Common symptoms of cancer include dizziness, fatigue, and difficulty breathing."
How is stroke diagnosed?,"stroke is diagnosed through medical history evaluation, physical exams, imaging studies, and laboratory tests."
How is cancer diagnosed?,"cancer is diagnosed through medical history evaluation, physical exams, imaging studies, and laboratory tests."
How is pneumonia treated?,"Treatment for pneumonia typically includes antibiotics, lifestyle changes, and regular medical monitoring."
What causes hypertension?,"hypertension may be caused by genetic factors, lifestyle habits, infections, or other health conditions."
How is hypertension diagnosed?,"hypertension is diagnosed through medical history evaluation, physical exams, imaging studies, and laboratory tests."
What is arthritis?,"arthritis is a medical condition that affects the body, often requiring long-term management and treatment."
What causes flu?,"flu may be caused by genetic factors, lifestyle habits, infections, or other health conditions."
What is heart disease?,"heart disease is a medical condition that affects the body, often requiring long-term management and treatment."
What causes asthma?,"asthma may be caused by genetic factors, lifestyle habits, infections, or other health conditions."
How is asthma treated?,"Treatment for asthma typically includes insulin therapy, lifestyle changes, and regular medical monitoring."
What causes arthritis?,"arthritis may be caused by genetic factors, lifestyle habits, infections, or other health conditions."
What causes pneumonia?,"pneumonia may be caused by genetic factors, lifestyle habits, infections, or other health conditions."
What are the symptoms of flu?,"Common symptoms of flu include dizziness, fatigue, and difficulty breathing."
What causes stroke?,"stroke may be caused by genetic factors, lifestyle habits, infections, or other health conditions."
How is stroke treated?,"Treatment for stroke typically includes chemotherapy, lifestyle changes, and regular medical monitoring."
What are the symptoms of heart disease?,"Common symptoms of heart disease include nausea, fatigue, and difficulty breathing."
What are the symptoms of flu?,"Common symptoms of flu include headache, fatigue, and difficulty breathing."
How is pneumonia treated?,"Treatment for pneumonia typically includes radiation therapy, lifestyle changes, and regular medical monitoring."
What is arthritis?,"arthritis is a medical condition that affects the body, often requiring long-term management and treatment."
What causes arthritis?,"arthritis may be caused by genetic factors, lifestyle habits, infections, or other health conditions."
How is hypertension treated?,"Treatment for hypertension typically includes lifestyle changes, lifestyle changes, and regular medical monitoring."
How is hypertension treated?,"Treatment for hypertension typically includes vaccination, lifestyle changes, and regular medical monitoring."
What is arthritis?,"arthritis is a medical condition that affects the body, often requiring long-term management and treatment."
What is hypertension?,"hypertension is a medical condition that affects the body, often requiring long-term management and treatment."
How is flu treated?,"Treatment for flu typically includes lifestyle changes, lifestyle changes, and regular medical monitoring."
How is hypertension diagnosed?,"hypertension is diagnosed through medical history evaluation, physical exams, imaging studies, and laboratory tests."
How is asthma diagnosed?,"asthma is diagnosed through medical history evaluation, physical exams, imaging studies, and laboratory tests."
What are the symptoms of flu?,"Common symptoms of flu include shortness of breath, fatigue, and difficulty breathing."
How is COVID-19 diagnosed?,"COVID-19 is diagnosed through medical history evaluation, physical exams, imaging studies, and laboratory tests."
How is COVID-19 treated?,"Treatment for COVID-19 typically includes antibiotics, lifestyle changes, and regular medical monitoring."
How is hypertension treated?,"Treatment for hypertension typically includes chemotherapy, lifestyle changes, and regular medical monitoring."
What is cancer?,"cancer is a medical condition that affects the body, often requiring long-term management and treatment."
How is pneumonia diagnosed?,"pneumonia is diagnosed through medical history evaluation, physical exams, imaging studies, and laboratory tests."
What are the symptoms of asthma?,"Common symptoms of asthma include nausea, fatigue, and difficulty breathing."
How is COVID-19 treated?,"Treatment for COVID-19 typically includes physical therapy, lifestyle changes, and regular medical monitoring."
What causes COVID-19?,"COVID-19 may be caused by genetic factors, lifestyle habits, infections, or other health conditions."
What is heart disease?,"heart disease is a medical condition that affects the body, often requiring long-term management and treatment."
What causes asthma?,"asthma may be caused by genetic factors, lifestyle habits, infections, or other health conditions."
How is asthma diagnosed?,"asthma is diagnosed through medical history evaluation, physical exams, imaging studies, and laboratory tests."
How is stroke diagnosed?,"stroke is diagnosed through medical history evaluation, physical exams, imaging studies, and laboratory tests."
What causes pneumonia?,"pneumonia may be caused by genetic factors, lifestyle habits, infections, or other health conditions."
How is diabetes diagnosed?,"diabetes is diagnosed through medical history evaluation, physical exams, imaging studies, and laboratory tests."
What is diabetes?,"diabetes is a medical condition that affects the body, often requiring long-term management and treatment."
What causes pneumonia?,"pneumonia may be caused by genetic factors, lifestyle habits, infections, or other health conditions."
What is cancer?,"cancer is a medical condition that affects the body, often requiring long-term management and treatment."
What are the symptoms of cancer?,"Common symptoms of cancer include nausea, fatigue, and difficulty breathing."
What causes flu?,"flu may be caused by genetic factors, lifestyle habits, infections, or other health conditions."
What is pneumonia?,"pneumonia is a medical condition that affects the body, often requiring long-term management and treatment."
How is COVID-19 treated?,"Treatment for COVID-19 typically includes physical therapy, lifestyle changes, and regular medical monitoring."
How is pneumonia treated?,"Treatment for pneumonia typically includes vaccination, lifestyle changes, and regular medical monitoring."
How is flu diagnosed?,"flu is diagnosed through medical history evaluation, physical exams, imaging studies, and laboratory tests."
How is hypertension diagnosed?,"hypertension is diagnosed through medical history evaluation, physical exams, imaging studies, and laboratory tests."
What causes diabetes?,"diabetes may be caused by genetic factors, lifestyle habits, infections, or other health conditions."
What are the symptoms of hypertension?,"Common symptoms of hypertension include dizziness, fatigue, and difficulty breathing."
What causes cancer?,"cancer may be caused by genetic factors, lifestyle habits, infections, or other health conditions."
How is cancer treated?,"Treatment for cancer typically includes insulin therapy, lifestyle changes, and regular medical monitoring."
What is diabetes?,"diabetes is a medical condition that affects the body, often requiring long-term management and treatment."
What is asthma?,"asthma is a medical condition that affects the body, often requiring long-term management and treatment."
What causes pneumonia?,"pneumonia may be caused by genetic factors, lifestyle habits, infections, or other health conditions."
What causes stroke?,"stroke may be caused by genetic factors, lifestyle habits, infections, or other health conditions."
What causes hypertension?,"hypertension may be caused by genetic factors, lifestyle habits, infections, or other health conditions."
What are the symptoms of cancer?,"Common symptoms of cancer include nausea, fatigue, and difficulty breathing."
How is diabetes treated?,"Treatment for diabetes typically includes chemotherapy, lifestyle changes, and regular medical monitoring."
How is hypertension treated?,"Treatment for hypertension typically includes surgery, lifestyle changes, and regular medical monitoring."
What causes cancer?,"cancer may be caused by genetic factors, lifestyle habits, infections, or other health conditions."
How is COVID-19 diagnosed?,"COVID-19 is diagnosed through medical history evaluation, physical exams, imaging studies, and laboratory tests."
How is heart disease treated?,"Treatment for heart disease typically includes radiation therapy, lifestyle changes, and regular medical monitoring."
What is heart disease?,"heart disease is a medical condition that affects the body, often requiring long-term management and treatment."
What is stroke?,"stroke is a medical condition that affects the body, often requiring long-term management and treatment."
How is hypertension treated?,"Treatment for hypertension typically includes insulin therapy, lifestyle changes, and regular medical monitoring."
What is asthma?,"asthma is a medical condition that affects the body, often requiring long-term management and treatment."
How is heart disease diagnosed?,"heart disease is diagnosed through medical history evaluation, physical exams, imaging studies, and laboratory tests."
What causes pneumonia?,"pneumonia may be caused by genetic factors, lifestyle habits, infections, or other health conditions."
How is diabetes diagnosed?,"diabetes is diagnosed through medical history evaluation, physical exams, imaging studies, and laboratory tests."
What causes hypertension?,"hypertension may be caused by genetic factors, lifestyle habits, infections, or other health conditions."
How is cancer treated?,"Treatment for cancer typically includes antibiotics, lifestyle changes, and regular medical monitoring."
What is asthma?,"asthma is a medical condition that affects the body, often requiring long-term management and treatment."
How is asthma diagnosed?,"asthma is diagnosed through medical history evaluation, physical exams, imaging studies, and laboratory tests."
How is diabetes treated?,"Treatment for diabetes typically includes physical therapy, lifestyle changes, and regular medical monitoring."
What causes pneumonia?,"pneumonia may be caused by genetic factors, lifestyle habits, infections, or other health conditions."
What is diabetes?,"diabetes is a medical condition that affects the body, often requiring long-term management and treatment."
What are the symptoms of asthma?,"Common symptoms of asthma include dizziness, fatigue, and difficulty breathing."
How is diabetes treated?,"Treatment for diabetes typically includes surgery, lifestyle changes, and regular medical monitoring."
How is COVID-19 diagnosed?,"COVID-19 is diagnosed through medical history evaluation, physical exams, imaging studies, and laboratory tests."
How is pneumonia treated?,"Treatment for pneumonia typically includes oxygen therapy, lifestyle changes, and regular medical monitoring."
How is asthma treated?,"Treatment for asthma typically includes lifestyle changes, lifestyle changes, and regular medical monitoring."
How is stroke treated?,"Treatment for stroke typically includes lifestyle changes, lifestyle changes, and regular medical monitoring."
What causes flu?,"flu may be caused by genetic factors, lifestyle habits, infections, or other health conditions."
How is stroke treated?,"Treatment for stroke typically includes chemotherapy, lifestyle changes, and regular medical monitoring."
How is COVID-19 diagnosed?,"COVID-19 is diagnosed through medical history evaluation, physical exams, imaging studies, and laboratory tests."
What are the symptoms of flu?,"Common symptoms of flu include shortness of breath, fatigue, and difficulty breathing."
How is heart disease treated?,"Treatment for heart disease typically includes insulin therapy, lifestyle changes, and regular medical monitoring."
What is diabetes?,"diabetes is a medical condition that affects the body, often requiring long-term management and treatment."
What causes asthma?,"asthma may be caused by genetic factors, lifestyle habits, infections, or other health conditions."
What is hypertension?,"hypertension is a medical condition that affects the body, often requiring long-term management and treatment."
What is flu?,"flu is a medical condition that affects the body, often requiring long-term management and treatment."
What is arthritis?,"arthritis is a medical condition that affects the body, often requiring long-term management and treatment."
What causes pneumonia?,"pneumonia may be caused by genetic factors, lifestyle habits, infections, or other health conditions."
How is cancer treated?,"Treatment for cancer typically includes medication, lifestyle changes, and regular medical monitoring."
How is pneumonia diagnosed?,"pneumonia is diagnosed through medical history evaluation, physical exams, imaging studies, and laboratory tests."
What is cancer?,"cancer is a medical condition that affects the body, often requiring long-term management and treatment."
How is diabetes treated?,"Treatment for diabetes typically includes chemotherapy, lifestyle changes, and regular medical monitoring."
What are the symptoms of COVID-19?,"Common symptoms of COVID-19 include rash, fatigue, and difficulty breathing."
How is cancer treated?,"Treatment for cancer typically includes chemotherapy, lifestyle changes, and regular medical monitoring."
How is diabetes treated?,"Treatment for diabetes typically includes chemotherapy, lifestyle changes, and regular medical monitoring."
What are the symptoms of cancer?,"Common symptoms of cancer include headache, fatigue, and difficulty breathing."
What is asthma?,"asthma is a medical condition that affects the body, often requiring long-term management and treatment."
What are the symptoms of asthma?,"Common symptoms of asthma include fever, fatigue, and difficulty breathing."
How is pneumonia diagnosed?,"pneumonia is diagnosed through medical history evaluation, physical exams, imaging studies, and laboratory tests."
What is heart disease?,"heart disease is a medical condition that affects the body, often requiring long-term management and treatment."
How is cancer treated?,"Treatment for cancer typically includes chemotherapy, lifestyle changes, and regular medical monitoring."
What causes pneumonia?,"pneumonia may be caused by genetic factors, lifestyle habits, infections, or other health conditions."
What is diabetes?,"diabetes is a medical condition that affects the body, often requiring long-term management and treatment."
What causes stroke?,"stroke may be caused by genetic factors, lifestyle habits, infections, or other health conditions."
How is flu diagnosed?,"flu is diagnosed through medical history evaluation, physical exams, imaging studies, and laboratory tests."
What are the symptoms of hypertension?,"Common symptoms of hypertension include vomiting, fatigue, and difficulty breathing."
How is diabetes treated?,"Treatment for diabetes typically includes oxygen therapy, lifestyle changes, and regular medical monitoring."
What is pneumonia?,"pneumonia is a medical condition that affects the body, often requiring long-term management and treatment."
What is hypertension?,"hypertension is a medical condition that affects the body, often requiring long-term management and treatment."
What are the symptoms of asthma?,"Common symptoms of asthma include dizziness, fatigue, and difficulty breathing."
How is flu treated?,"Treatment for flu typically includes oxygen therapy, lifestyle changes, and regular medical monitoring."
How is flu treated?,"Treatment for flu typically includes lifestyle changes, lifestyle changes, and regular medical monitoring."
What are the symptoms of stroke?,"Common symptoms of stroke include chest pain, fatigue, and difficulty breathing."
What is stroke?,"stroke is a medical condition that affects the body, often requiring long-term management and treatment."
What is heart disease?,"heart disease is a medical condition that affects the body, often requiring long-term management and treatment."
How is arthritis diagnosed?,"arthritis is diagnosed through medical history evaluation, physical exams, imaging studies, and laboratory tests."
What are the symptoms of COVID-19?,"Common symptoms of COVID-19 include chest pain, fatigue, and difficulty breathing."
What is COVID-19?,"COVID-19 is a medical condition that affects the body, often requiring long-term management and treatment."
How is COVID-19 diagnosed?,"COVID-19 is diagnosed through medical history evaluation, physical exams, imaging studies, and laboratory tests."
How is arthritis treated?,"Treatment for arthritis typically includes physical therapy, lifestyle changes, and regular medical monitoring."
What are the symptoms of pneumonia?,"Common symptoms of pneumonia include vomiting, fatigue, and difficulty breathing."
How is COVID-19 treated?,"Treatment for COVID-19 typically includes medication, lifestyle changes, and regular medical monitoring."
What is stroke?,"stroke is a medical condition that affects the body, often requiring long-term management and treatment."
How is arthritis diagnosed?,"arthritis is diagnosed through medical history evaluation, physical exams, imaging studies, and laboratory tests."
How is heart disease diagnosed?,"heart disease is diagnosed through medical history evaluation, physical exams, imaging studies, and laboratory tests."
What causes asthma?,"asthma may be caused by genetic factors, lifestyle habits, infections, or other health conditions."
How is hypertension treated?,"Treatment for hypertension typically includes physical therapy, lifestyle changes, and regular medical monitoring."
How is COVID-19 treated?,"Treatment for COVID-19 typically includes oxygen therapy, lifestyle changes, and regular medical monitoring."
How is COVID-19 treated?,"Treatment for COVID-19 typically includes antibiotics, lifestyle changes, and regular medical monitoring."
What causes heart disease?,"heart disease may be caused by genetic factors, lifestyle habits, infections, or other health conditions."
How is pneumonia treated?,"Treatment for pneumonia typically includes medication, lifestyle changes, and regular medical monitoring."
What is COVID-19?,"COVID-19 is a medical condition that affects the body, often requiring long-term management and treatment."
How is flu treated?,"Treatment for flu typically includes antibiotics, lifestyle changes, and regular medical monitoring."
What causes flu?,"flu may be caused by genetic factors, lifestyle habits, infections, or other health conditions."
How is hypertension diagnosed?,"hypertension is diagnosed through medical history evaluation, physical exams, imaging studies, and laboratory tests."
What causes pneumonia?,"pneumonia may be caused by genetic factors, lifestyle habits, infections, or other health conditions."
What is diabetes?,"diabetes is a medical condition that affects the body, often requiring long-term management and treatment."
How is heart disease diagnosed?,"heart disease is diagnosed through medical history evaluation, physical exams, imaging studies, and laboratory tests."
What are the symptoms of asthma?,"Common symptoms of asthma include rash, fatigue, and difficulty breathing."
How is flu diagnosed?,"flu is diagnosed through medical history evaluation, physical exams, imaging studies, and laboratory tests."
What are the symptoms of diabetes?,"Common symptoms of diabetes include dizziness, fatigue, and difficulty breathing."
How is asthma treated?,"Treatment for asthma typically includes oxygen therapy, lifestyle changes, and regular medical monitoring."
What are the symptoms of hypertension?,"Common symptoms of hypertension include vomiting, fatigue, and difficulty breathing."
What are the symptoms of pneumonia?,"Common symptoms of pneumonia include rash, fatigue, and difficulty breathing."
What causes flu?,"flu may be caused by genetic factors, lifestyle habits, infections, or other health conditions."
How is diabetes treated?,"Treatment for diabetes typically includes lifestyle changes, lifestyle changes, and regular medical monitoring."
What causes stroke?,"stroke may be caused by genetic factors, lifestyle habits, infections, or other health conditions."
How is COVID-19 treated?,"Treatment for COVID-19 typically includes radiation therapy, lifestyle changes, and regular medical monitoring."
What is pneumonia?,"pneumonia is a medical condition that affects the body, often requiring long-term management and treatment."
What are the symptoms of hypertension?,"Common symptoms of hypertension include rash, fatigue, and difficulty breathing."
What is hypertension?,"hypertension is a medical condition that affects the body, often requiring long-term management and treatment."
What are the symptoms of arthritis?,"Common symptoms of arthritis include fever, fatigue, and difficulty breathing."
What are the symptoms of cancer?,"Common symptoms of cancer include vomiting, fatigue, and difficulty breathing."
What is flu?,"flu is a medical condition that affects the body, often requiring long-term management and treatment."
How is stroke treated?,"Treatment for stroke typically includes lifestyle changes, lifestyle changes, and regular medical monitoring."
What causes asthma?,"asthma may be caused by genetic factors, lifestyle habits, infections, or other health conditions."
How is stroke diagnosed?,"stroke is diagnosed through medical history evaluation, physical exams, imaging studies, and laboratory tests."
How is COVID-19 treated?,"Treatment for COVID-19 typically includes medication, lifestyle changes, and regular medical monitoring."
What causes pneumonia?,"pneumonia may be caused by genetic factors, lifestyle habits, infections, or other health conditions."
How is heart disease treated?,"Treatment for heart disease typically includes insulin therapy, lifestyle changes, and regular medical monitoring."
How is stroke diagnosed?,"stroke is diagnosed through medical history evaluation, physical exams, imaging studies, and laboratory tests."
What causes pneumonia?,"pneumonia may be caused by genetic factors, lifestyle habits, infections, or other health conditions."
What causes cancer?,"cancer may be caused by genetic factors, lifestyle habits, infections, or other health conditions."
What is diabetes?,"diabetes is a medical condition that affects the body, often requiring long-term management and treatment."
What are the symptoms of hypertension?,"Common symptoms of hypertension include cough, fatigue, and difficulty breathing."
How is arthritis treated?,"Treatment for arthritis typically includes surgery, lifestyle changes, and regular medical monitoring."
What causes cancer?,"cancer may be caused by genetic factors, lifestyle habits, infections, or other health conditions."
What is diabetes?,"diabetes is a medical condition that affects the body, often requiring long-term management and treatment."
How is hypertension treated?,"Treatment for hypertension typically includes surgery, lifestyle changes, and regular medical monitoring."
What is flu?,"flu is a medical condition that affects the body, often requiring long-term management and treatment."
What are the symptoms of diabetes?,"Common symptoms of diabetes include fever, fatigue, and difficulty breathing."
What is stroke?,"stroke is a medical condition that affects the body, often requiring long-term management and treatment."
How is heart disease treated?,"Treatment for heart disease typically includes oxygen therapy, lifestyle changes, and regular medical monitoring."
How is diabetes diagnosed?,"diabetes is diagnosed through medical history evaluation, physical exams, imaging studies, and laboratory tests."
What causes pneumonia?,"pneumonia may be caused by genetic factors, lifestyle habits, infections, or other health conditions."
What causes stroke?,"stroke may be caused by genetic factors, lifestyle habits, infections, or other health conditions."
How is stroke treated?,"Treatment for stroke typically includes chemotherapy, lifestyle changes, and regular medical monitoring."
How is flu diagnosed?,"flu is diagnosed through medical history evaluation, physical exams, imaging studies, and laboratory tests."
How is asthma diagnosed?,"asthma is diagnosed through medical history evaluation, physical exams, imaging studies, and laboratory tests."
What causes cancer?,"cancer may be caused by genetic factors, lifestyle habits, infections, or other health conditions."
What is cancer?,"cancer is a medical condition that affects the body, often requiring long-term management and treatment."
What are the symptoms of flu?,"Common symptoms of flu include headache, fatigue, and difficulty breathing."
What are the symptoms of arthritis?,"Common symptoms of arthritis include headache, fatigue, and difficulty breathing."
How is cancer treated?,"Treatment for cancer typically includes oxygen therapy, lifestyle changes, and regular medical monitoring."
What causes cancer?,"cancer may be caused by genetic factors, lifestyle habits, infections, or other health conditions."
What is arthritis?,"arthritis is a medical condition that affects the body, often requiring long-term management and treatment."
What causes hypertension?,"hypertension may be caused by genetic factors, lifestyle habits, infections, or other health conditions."
What is arthritis?,"arthritis is a medical condition that affects the body, often requiring long-term management and treatment."
What causes COVID-19?,"COVID-19 may be caused by genetic factors, lifestyle habits, infections, or other health conditions."
What are the symptoms of cancer?,"Common symptoms of cancer include cough, fatigue, and difficulty breathing."
How is arthritis treated?,"Treatment for arthritis typically includes vaccination, lifestyle changes, and regular medical monitoring."
What is asthma?,"asthma is a medical condition that affects the body, often requiring long-term management and treatment."
What are the symptoms of pneumonia?,"Common symptoms of pneumonia include rash, fatigue, and difficulty breathing."
What is diabetes?,"diabetes is a medical condition that affects the body, often requiring long-term management and treatment."
How is COVID-19 diagnosed?,"COVID-19 is diagnosed through medical history evaluation, physical exams, imaging studies, and laboratory tests."
What is arthritis?,"arthritis is a medical condition that affects the body, often requiring long-term management and treatment."
How is pneumonia diagnosed?,"pneumonia is diagnosed through medical history evaluation, physical exams, imaging studies, and laboratory tests."
What causes cancer?,"cancer may be caused by genetic factors, lifestyle habits, infections, or other health conditions."
What is arthritis?,"arthritis is a medical condition that affects the body, often requiring long-term management and treatment."
What is asthma?,"asthma is a medical condition that affects the body, often requiring long-term management and treatment."
What is arthritis?,"arthritis is a medical condition that affects the body, often requiring long-term management and treatment."
What is diabetes?,"diabetes is a medical condition that affects the body, often requiring long-term management and treatment."
What are the symptoms of asthma?,"Common symptoms of asthma include fever, fatigue, and difficulty breathing."
What causes stroke?,"stroke may be caused by genetic factors, lifestyle habits, infections, or other health conditions."
What causes diabetes?,"diabetes may be caused by genetic factors, lifestyle habits, infections, or other health conditions."
What causes asthma?,"asthma may be caused by genetic factors, lifestyle habits, infections, or other health conditions."
What causes COVID-19?,"COVID-19 may be caused by genetic factors, lifestyle habits, infections, or other health conditions."
How is pneumonia diagnosed?,"pneumonia is diagnosed through medical history evaluation, physical exams, imaging studies, and laboratory tests."
How is hypertension treated?,"Treatment for hypertension typically includes antibiotics, lifestyle changes, and regular medical monitoring."
What are the symptoms of flu?,"Common symptoms of flu include shortness of breath, fatigue, and difficulty breathing."
How is asthma diagnosed?,"asthma is diagnosed through medical history evaluation, physical exams, imaging studies, and laboratory tests."
How is pneumonia diagnosed?,"pneumonia is diagnosed through medical history evaluation, physical exams, imaging studies, and laboratory tests."
What causes diabetes?,"diabetes may be caused by genetic factors, lifestyle habits, infections, or other health conditions."
How is asthma diagnosed?,"asthma is diagnosed through medical history evaluation, physical exams, imaging studies, and laboratory tests."
What causes hypertension?,"hypertension may be caused by genetic factors, lifestyle habits, infections, or other health conditions."
What is diabetes?,"diabetes is a medical condition that affects the body, often requiring long-term management and treatment."
What are the symptoms of arthritis?,"Common symptoms of arthritis include headache, fatigue, and difficulty breathing."
What are the symptoms of heart disease?,"Common symptoms of heart disease include vomiting, fatigue, and difficulty breathing."
How is pneumonia treated?,"Treatment for pneumonia typically includes physical therapy, lifestyle changes, and regular medical monitoring."
How is heart disease diagnosed?,"heart disease is diagnosed through medical history evaluation, physical exams, imaging studies, and laboratory tests."
What are the symptoms of arthritis?,"Common symptoms of arthritis include shortness of breath, fatigue, and difficulty breathing."
How is hypertension treated?,"Treatment for hypertension typically includes surgery, lifestyle changes, and regular medical monitoring."
